dataset,backbone,outcome,num_samples,model_rule_top1_disagree_fraction,target_in_top20_fraction,base_rank_mean,final_rank_mean,model_margin_mean,model_margin_median,rule_margin_mean,rule_margin_median,final_margin_mean,final_margin_median,target_distance_km_mean,target_distance_km_median,target_model_score_mean,target_model_score_median,target_rule_score_mean,target_rule_score_median,target_spatial_mean,target_spatial_median,target_temporal_mean,target_temporal_median,target_category_transition_mean,target_category_transition_median,target_user_preference_mean,target_user_preference_median,target_popularity_mean,target_popularity_median
nyc,A4,unchanged,564,0.7216312056737588,0.22695035460992907,878.9734042553191,878.9734042553191,0.2111318885671826,0.1717625727459235,0.13025017867932506,0.08809122750099296,0.1511722327834986,0.11461267766096472,4.239676534948606,1.8986515868525307,0.7189707773211964,0.7544536044585006,0.47031564358851247,0.451298373444044,0.5592977641577269,0.561922368744783,0.33831354864966723,0.22007698639344053,0.2858369114457836,0.13999393838433954,0.5170807546370125,0.41176470588235303,0.3655469858544942,0.3383847297238438
nyc,A4,kept_top1,293,0.3720136518771331,1.0,1.0,1.0,0.2612340302183905,0.24542830115704806,0.1555604494418244,0.11881050537101867,0.22879604414028276,0.20478998416796101,3.726135840184382,1.3505879560017773,1.0,1.0,0.7037598604975823,0.7117590779039277,0.5598325298267718,0.5164801983190642,0.6431223983765727,0.7738135920037666,0.5842270672938655,0.5973782137346817,0.8898392117624973,1.0,0.5501846913797522,0.5283208335737187
nyc,A4,improved_non_top1,195,0.8205128205128205,1.0,8.138461538461538,5.174358974358975,0.17602977234462228,0.12902455192136164,0.1067310692191389,0.08008396552028862,0.11854506572319604,0.09281120689983047,3.619604249243224,0.8732246946737041,0.4721087907718111,0.47596796170233113,0.5841611885351391,0.5778255430690403,0.597457910053503,0.7024173123212577,0.5975613481010768,0.6678124934468495,0.4805730783389567,0.383027049002693,0.5741795152573905,0.5882352941176471,0.3797570330077263,0.33792253191136795
nyc,A4,worsened_non_top1,158,0.7848101265822784,1.0,5.544303797468355,7.765822784810126,0.1680040332050398,0.12565424094782685,0.10851525830150098,0.07440463538275915,0.12749659570000246,0.10315139120006839,5.784136139667481,2.2474942530779702,0.5921451293011354,0.6097045912806053,0.29276204027909647,0.2817827920086323,0.38715586140354724,0.30910323810266194,0.18002702961401262,0.10677649120371144,0.16574937609820536,0.059076455374049236,0.310318368683715,0.21890385449350785,0.35140619606919227,0.33229239071715455
nyc,A4,corrected_top1,78,1.0,1.0,2.5,1.0,0.10328396118361557,0.08622562279695423,0.1809174481592228,0.15322823698823032,0.10077083814235348,0.08790651639609637,2.2934076919876265,0.23674506020524036,0.8594077276512155,0.8832029547191524,0.7804232761581215,0.7565426628848301,0.7334440370304741,0.9180519244335752,0.7201048067378546,1.0,0.6675648765738292,0.90995000547748,0.8853577159567928,1.0,0.533047936213955,0.4746131185731802
nyc,A4,broken_top1,59,1.0,1.0,1.0,2.389830508474576,0.11378664275249288,0.10280963331968906,0.16694589112497432,0.16197916716379013,0.09825127804158225,0.06939205202252074,5.6054321469187,2.952031541258361,1.0,1.0,0.43141011129840673,0.45251343928807347,0.35347997688347244,0.3622653076892484,0.2998524818746255,0.2564555353908433,0.26879912916398935,0.07368314965544905,0.6149475095323274,0.5822222222222222,0.49364329447216027,0.4022496114604894
ca,R0,unchanged,1851,0.7752566180443003,0.22312263641274988,1069.5856293895192,1069.5856293895192,0.20824580435382348,0.17481345634721135,0.10727349608910339,0.07092473774292912,0.17391445768704514,0.15200003213426716,22.306508316352367,3.2482968687513383,0.6349133109950553,0.671470165708734,0.43051633459121436,0.4134689506738811,0.4872484179897973,0.476367464482452,0.38502048229683644,0.2605557555369115,0.4015410742509505,0.21502254435663856,0.43333993866091997,0.3465346534653465,0.3650204227820286,0.30374104537330354
ca,R0,kept_top1,437,0.551487414187643,1.0,1.0,1.0,0.28990663204615613,0.2595252234289096,0.16778441013460352,0.11957372540966982,0.2647189666384881,0.2441595522731218,42.91987943353998,1.5218889340739743,1.0,1.0,0.6026978706052531,0.6115865068702544,0.5269998813017104,0.565815424463951,0.44689647338704414,0.3110056242597292,0.52044060551924,0.44579125595624464,0.8060736659419224,1.0,0.4740661600275893,0.4232055336580345
ca,R0,improved_non_top1,284,0.7852112676056338,1.0,9.464788732394366,7.327464788732394,0.21188540225859598,0.19112382829142577,0.12248675250878595,0.08055379243381722,0.17764434465153825,0.15926743488074335,18.010218126868764,1.201118949210123,0.37283678044581703,0.33620293635629683,0.5394332584413635,0.5248885012464402,0.5818618202711969,0.6670480388241552,0.5511222578397826,0.5236043227227417,0.4765874383245928,0.36966089974080335,0.5025912147858372,0.4852456604883789,0.3411072280850031,0.2467934461427443
ca,R0,corrected_top1,34,1.0,1.0,2.2058823529411766,1.0,0.05819877700467031,0.047591657184897496,0.17849813289905894,0.16178782798917107,0.04883295774741448,0.031843378740392,17.703741395640844,1.1306535827766897,0.9357203774888959,0.9418236206207795,0.7309028226512623,0.7393457500464515,0.6579107939537249,0.7946770700865113,0.7334074703489257,0.8421744330293225,0.6326759325317618,0.7175900392248762,0.7878860035979602,1.0,0.5135118123497455,0.5018595325309781
ca,R0,worsened_non_top1,142,0.7605633802816901,1.0,7.190140845070423,8.711267605633802,0.20428179629026344,0.1761813732580268,0.10087081085584768,0.07942273113465903,0.16591452440242513,0.14886661993223754,20.603552597174147,6.031933804045108,0.4463025494802088,0.4899318724712201,0.23205139610840003,0.21383336167973072,0.30706353387765933,0.17469930868504893,0.1967903301034035,0.1372879765732684,0.17858672873616227,0.0817734701650889,0.2121591271377975,0.1454601990049751,0.324920704485199,0.27230914844421106
ca,R0,broken_top1,32,1.0,1.0,1.0,2.0625,0.05334305072811482,0.04676277755535524,0.17307648835198358,0.14504357567232112,0.05060428954891895,0.038389603369606395,62.6913193791209,5.145246104472179,1.0,1.0,0.3766338918680653,0.37306562044709546,0.26806384285564533,0.09520077352773534,0.271275664311615,0.07655225550058406,0.33854792696378433,0.096347378647216,0.5535243481800027,0.5806451612903226,0.4532762160132626,0.3540696804070989
tky,R0,unchanged,3771,0.6751524794484222,0.29196499602227527,727.3725802174489,727.3725802174489,0.21639896745746232,0.18830428651577635,0.10394618044648626,0.050724637681159424,0.1887131473344309,0.15787781769454967,4.707733605768198,2.453169652620071,0.6531115885484562,0.7048610307865882,0.6808345138966255,0.8546255506607929,0.45937855684881507,0.3783840944572372,0.5286442701731495,0.5068984139273789,0.5858969910515639,1.0,0.6808345138966255,0.8546255506607929,0.4416170301741531,0.41769434090255797
tky,R0,kept_top1,1713,0.44249854057209576,1.0,1.0,1.0,0.312636522017507,0.30147250622776334,0.12482490388285804,0.06818181818181812,0.28820969278314484,0.27257325570439694,3.1771953066803884,0.5218861502685026,1.0,1.0,0.8678545985607334,1.0,0.5537730449409944,0.5723455465174483,0.6020901902619856,1.0,0.6808540709418596,1.0,0.8678545985607334,1.0,0.5314780203455326,0.5201216715899063
tky,R0,improved_non_top1,719,0.7426981919332406,1.0,9.034770514603617,6.885952712100139,0.21935197780796514,0.1953640063247255,0.08486757009029308,0.044776119402985204,0.18813482219000527,0.15842775030573175,4.8201633102275565,2.3122383135973332,0.37491677465345674,0.34281319065442634,0.8557288218644497,0.9361702127659576,0.3999517662973183,0.25414456319205353,0.6933241965052086,1.0,0.7247135994229842,1.0,0.8557288218644497,0.9361702127659576,0.5044815037295084,0.502631502087986
tky,R0,worsened_non_top1,601,0.6605657237936772,1.0,7.430948419301164,9.544093178036606,0.20637662583217137,0.17624889363944507,0.0741876747552624,0.039735099337748325,0.1883843651775038,0.15734419692626078,2.923940387505306,0.3986637987532085,0.430092126755032,0.3971805224086692,0.15402176538180465,0.10625,0.5514890139624365,0.6406422540490541,0.07194576701661543,0.0229504967699024,0.1326548811791154,0.020642139304507357,0.15402176538180465,0.10625,0.2342862267218511,0.18439828422887136
tky,R0,corrected_top1,125,1.0,1.0,2.224,1.0,0.073501394593951,0.0669528674375407,0.1661561061241806,0.11009174311926606,0.06102388510299731,0.04897933221917328,2.6186133685104425,0.4243962257139041,0.9160711676441987,0.9265932841144999,0.9759846270111094,1.0,0.5499019638865483,0.5276239882766001,0.673124448834771,1.0,0.7452537882284778,1.0,0.9759846270111094,1.0,0.5589820498609984,0.524405810602283
tky,R0,broken_top1,109,1.0,1.0,1.0,2.1926605504587156,0.07630226998802701,0.0692801998093151,0.08102898093454015,0.043021032504780066,0.054051941069122256,0.0434971218729272,1.4856020825207477,0.2877529407132505,1.0,1.0,0.3172910213187817,0.2460276781137878,0.6732367514683945,0.8126383129502142,0.12508418513707528,0.028532365024815723,0.19565835664323727,0.02993257371211175,0.3172910213187817,0.2460276781137878,0.31471147240871666,0.2661271899467104
