dataset,backbone,sample_index,user_id,timestamp,outcome,label_poi_id,label_category_name,previous_category_name,model_top1_poi_id,model_top1_category_name,final_top1_poi_id,final_top1_category_name,base_rank,final_rank,rank_improvement,model_rule_top1_disagree,model_margin,rule_margin,final_margin,target_distance_km,target_spatial,target_temporal,target_category_transition,target_user_preference,target_popularity
nyc,A4,1086,850,2013-01-17 10:44:20,improved_non_top1,631,Gym / Fitness Center,Mexican Restaurant,204,Bar,923,Gym / Fitness Center,20,5,15,True,0.09499392628368819,0.09921741162904596,0.006905610522371042,0.3572333459480997,1.0,1.0,0.4407610421052722,0.12345679012345678,0.11849749005767028
nyc,A4,974,763,2013-01-06 13:47:44,improved_non_top1,2405,Subway,Home (private),4703,Moving Target,4296,Home (private),19,7,12,True,0.09937090428363171,0.5651737008332834,0.23647554700147,0.31752846092362097,0.8008268408775934,0.5348037512493705,0.17647620369732736,0.043589743589743594,0.40918915009980944
nyc,A4,839,696,2013-01-02 17:53:49,improved_non_top1,1061,Train Station,Building,584,Bus Station,584,Bus Station,15,4,11,True,0.5275958424521225,0.09638919154992864,0.12110321996602658,6.555040085480203,0.39571578544250274,1.0,0.6989294033183373,1.0,0.4428491819970161
nyc,A4,913,726,2013-01-29 22:47:58,improved_non_top1,3959,Home (private),Electronics Store,3958,Home (private),3958,Home (private),18,7,11,False,0.09815640192790054,0.029637609389132957,0.2623693563757815,6.822040057691557,0.0003451149632848601,1.0,1.0,0.7068403908794787,0.0
nyc,A4,1071,837,2013-02-06 14:06:52,improved_non_top1,1212,Coffee Shop,Performing Arts Venue,2544,Subway,2544,Subway,16,6,10,True,0.12378824705636204,0.09697809118676914,0.10431816448367415,2.122531595301798,0.7523303321067568,0.5785547790821833,0.0955240436297904,1.0,0.13081924712892484
nyc,A4,962,751,2012-12-22 22:22:56,improved_non_top1,471,Bar,Government Building,2804,Home (private),2804,Home (private),20,10,10,False,0.27635618721069954,0.4129843018221902,0.3446702445164449,1.963061648068033,1.0,0.11893170722821332,0.0004777910002013092,0.39999999999999997,0.0
nyc,A4,1265,950,2013-02-07 11:55:17,improved_non_top1,728,Clothing Store,Food & Drink Shop,401,Hotel,401,Hotel,11,2,9,True,0.5707507007624678,0.09532034047299243,0.21333743174371667,6.780914870453816,0.7690916472486055,0.0,0.0,1.0,0.0
nyc,A4,448,379,2013-01-04 23:23:41,improved_non_top1,4976,Home (private),Deli / Bodega,4095,Trade School,3839,Home (private),14,6,8,True,0.0358903092712316,0.10656744931825557,0.12396173829317281,0.801337324878114,0.857128555038445,1.0,1.0,0.7359154929577466,0.0
nyc,A4,456,379,2013-02-07 20:36:53,improved_non_top1,4976,Home (private),Coffee Shop,4145,School,4145,School,11,3,8,True,0.07579907483998427,0.10656744931825546,0.02753436161389544,1.156540682122596,0.800316733637597,1.0,0.44030415598686756,0.7359154929577466,0.0
nyc,A4,879,712,2012-12-28 08:58:41,improved_non_top1,1484,Office,Middle Eastern Restaurant,279,Park,279,Park,10,2,8,True,0.2568771894130504,0.34179043307022583,0.13072323394474683,2.4965773786336514,0.5702367827321786,0.9056403778553366,0.2230319229411468,1.0,0.0
nyc,A4,288,247,2013-02-04 13:09:02,worsened_non_top1,3854,Building,Subway,1903,Subway,1903,Subway,3,14,-11,True,0.543030750680179,0.22253085629717384,0.21544629725381859,20.580577878687144,8.699252120639191e-07,0.21751984286273196,0.01625645800174632,0.04166666666666667,0.0
nyc,A4,280,242,2013-01-26 12:05:04,worsened_non_top1,4509,Bar,Bar,3502,Gym / Fitness Center,3502,Gym / Fitness Center,6,16,-10,True,0.1983260460415731,0.07085682743157296,0.09121018374833667,6.456500451283753,0.014315828329558548,0.01978456554788591,0.19829816994987762,0.0,0.05537877980754446
nyc,A4,324,288,2013-01-30 12:38:15,worsened_non_top1,2211,Gym / Fitness Center,Diner,1436,Office,1436,Office,7,15,-8,False,0.5356514443800562,0.09939982613933274,0.37392875891958155,5.0344407806153715,0.00016478709948906182,0.01597405379587909,0.0007074760358007698,0.011406844106463877,0.45642971398807086
nyc,A4,341,308,2013-01-21 23:52:22,worsened_non_top1,3608,Laundry Service,Drugstore / Pharmacy,2616,Chinese Restaurant,2616,Chinese Restaurant,9,16,-7,True,0.38212987967025036,0.005887999677761879,0.2004193541343675,0.034884488843308685,0.37136007046928915,0.07298117785824082,0.00014044645270218977,0.013236267372600924,0.1129717756321514
nyc,A4,6,6,2013-02-02 05:26:15,worsened_non_top1,1463,Airport,Gym / Fitness Center,1513,Gym / Fitness Center,1513,Gym / Fitness Center,10,16,-6,False,0.5120878268493647,0.14615351157421386,0.35102958991492705,9.197490882813508,0.07186171822939268,0.22198035054816917,0.00243972917275878,0.0,0.591468022824928
nyc,A4,314,286,2012-12-23 11:27:44,worsened_non_top1,1766,Pizza Place,General Travel,3575,Other Great Outdoors,3575,Other Great Outdoors,2,8,-6,True,0.3771305626473559,0.008050141886768225,0.13862850312684594,1.146398632951396,0.26204806623035237,0.029051622133900102,0.05052770581886149,0.08739076154806492,0.48151068928757196
nyc,A4,289,247,2013-02-11 12:17:43,worsened_non_top1,3854,Building,Subway,1903,Subway,1903,Subway,4,10,-6,False,0.20349379159380676,0.14473677188665746,0.35891942637853635,0.5629258628836201,0.6861436686195664,0.20537315448653679,0.01625645800174632,0.04166666666666667,0.0
nyc,A4,373,336,2013-01-15 17:06:04,worsened_non_top1,434,Airport,Airport,970,Airport,970,Airport,13,19,-6,True,0.1051376958330974,0.011612513188978602,0.09194675205409397,33.758860669502326,0.0,0.11484498593725148,0.7501773195998582,0.0,0.6322219949802997
nyc,A4,1192,905,2013-01-17 08:52:32,worsened_non_top1,1285,Fast Food Restaurant,Drugstore / Pharmacy,3770,Bus Station,3770,Bus Station,3,8,-5,True,0.47101336310801767,0.1254927205170392,0.20542993664761933,8.533645922969008,0.22166556329440393,0.06609529834341485,0.019773769630916177,0.1739130434782609,0.11264178993359342
nyc,A4,1125,872,2013-01-18 15:14:12,worsened_non_top1,2859,Clothing Store,Park,3471,Coffee Shop,3471,Coffee Shop,6,11,-5,True,0.3051281186591589,0.018405603167998108,0.27705287968434344,1.002313161932626,0.8039809854841387,0.07282632883129227,0.07022822603468018,0.1276595744680851,0.44458014506002264
nyc,A4,871,710,2013-01-17 23:32:16,corrected_top1,3866,Home (private),Parking,4236,Food,3866,Home (private),8,1,7,True,0.04606888159649469,0.10067735009019851,0.05167006400801899,15.646992497137653,6.313996108828434e-06,1.0,1.0,1.0,1.0
nyc,A4,1062,832,2013-02-13 18:52:58,corrected_top1,983,Gym / Fitness Center,Gym / Fitness Center,1076,Sporting Goods Shop,983,Gym / Fitness Center,5,1,4,True,0.005238449324235228,0.3374126349003639,0.08320712298602573,0.0,1.0,0.482044140002628,1.0,1.0,0.11997274264444946
nyc,A4,558,479,2013-01-31 14:29:44,corrected_top1,4442,Office,Train Station,4285,Café,4442,Office,5,1,4,True,0.02458591887210604,0.04723752196363362,0.12947924173023684,1.7073877034715217,0.7834236674497542,1.0,0.24198707623755383,0.6579476861167003,0.4028772749960255
nyc,A4,655,557,2013-02-07 17:57:51,corrected_top1,1274,Gym / Fitness Center,Bar,2783,Seafood Restaurant,1274,Gym / Fitness Center,5,1,4,True,0.22634050297601704,0.02792430018275649,0.020246423172009753,6.760055510965505,0.026248313329193716,1.0,0.18362030688497533,0.7999999999999998,0.3841703586155089
nyc,A4,463,383,2013-01-17 08:17:43,corrected_top1,4857,Office,Building,1275,Building,4857,Office,4,1,3,True,0.03418681138060531,0.22152238864153162,0.1254706337065422,0.5811302874761471,0.8466136677836089,1.0,0.7037888212891629,0.9660056657223797,0.7148952940841834
nyc,A4,680,574,2013-01-30 12:55:14,corrected_top1,4762,Home (private),Coffee Shop,4453,Home (private),4762,Home (private),4,1,3,True,0.0004262030836852393,0.10950822290117279,0.016796620096579673,0.45439271510480966,0.8657078762874931,1.0,0.4369498051022227,0.8858695652173914,0.09092159519882176
nyc,A4,894,718,2013-01-30 11:09:05,corrected_top1,4478,Home (private),Campground,3881,Miscellaneous Shop,4478,Home (private),4,1,3,True,0.14816150174987663,0.0065635977537729095,0.02180223248948865,0.2223357669897571,0.8736025684493236,1.0,0.31663981583526973,0.8002793296089387,0.46791236260419616
nyc,A4,430,358,2012-12-23 07:31:52,corrected_top1,2740,Office,Burger Joint,1939,Mall,2740,Office,4,1,3,True,0.05176387968334906,0.23345049839316678,0.01626905463696937,0.9379315078814809,0.8896595662991561,0.48517758929930566,0.46930472773541665,0.8888888888888888,1.0
nyc,A4,177,132,2013-02-14 00:13:21,corrected_top1,4975,Home (private),Subway,1449,Gym / Fitness Center,4975,Home (private),4,1,3,True,0.20855406127431597,0.14214762447401363,0.05826379748409383,0.8311433834909352,0.7023978546603584,1.0,0.17321947458581916,0.5517241379310345,0.07240096570168814
nyc,A4,350,323,2013-01-17 23:21:01,corrected_top1,268,Bar,Music Venue,108,French Restaurant,268,Bar,3,1,2,True,0.1699528749606829,0.10845184951284093,0.04703770333478785,0.0956424828900688,1.0,1.0,1.0,1.0,0.48860840553061446
nyc,A4,589,507,2013-01-12 09:39:17,broken_top1,4091,Neighborhood,Salad Place,4091,Neighborhood,2494,Subway,1,6,-5,True,0.038267411323315126,0.21824004813600284,0.21643446825452506,15.141890516462897,0.0018153717930945571,0.3056033546950596,0.04413874278147644,0.42748091603053434,0.2778656677841941
nyc,A4,416,347,2013-01-26 14:26:08,broken_top1,3132,Office,Fast Food Restaurant,3132,Office,1379,Subway,1,5,-4,True,0.5792781568466542,0.051129655255550355,0.10147938506888377,5.729921008984564,0.0008670336238193762,0.09833621005294502,0.15827375834254598,0.16566265060240962,0.8461925705663019
nyc,A4,1257,944,2013-02-01 15:33:46,broken_top1,3088,Bus Station,Airport,3088,Bus Station,994,Train Station,1,5,-4,True,0.19321119769983153,0.051031693112909005,0.06480393134457685,2.940337954597252,0.07924518336615435,0.0920640792440531,0.013072262674806398,0.27496382054992763,0.3610378587001017
nyc,A4,869,710,2013-01-13 14:27:03,broken_top1,3425,City,General Travel,3425,City,3866,Home (private),1,3,-2,True,0.19752892879606543,0.4023673813203461,0.22407500550197268,1.7608644893002,0.3622653076892484,0.05061046932546498,0.4406283683687242,0.5094614264919942,0.8565485031161977
nyc,A4,359,324,2013-02-13 07:22:28,broken_top1,1976,Train Station,Gym / Fitness Center,1976,Train Station,2016,Office,1,3,-2,True,0.1581498159747715,0.330019597874751,0.19254014888108117,23.306194821854657,0.0022458911285437285,0.6074642232919404,0.22955974499228549,0.5822222222222222,0.35197804957327256
nyc,A4,256,198,2013-01-12 06:23:01,broken_top1,4829,Office,Residential Building (Apartment / Condo),4829,Office,4808,Residential Building (Apartment / Condo),1,3,-2,True,0.1399667205641495,0.1806021750067256,0.06565646620315158,15.678530315183245,0.06596764537029806,0.04766430494826249,0.06603413978077552,0.7500000000000001,0.6911992163733688
nyc,A4,180,138,2013-02-05 16:53:14,broken_top1,4260,College Academic Building,Home (private),4260,College Academic Building,3426,Home (private),1,3,-2,True,0.12611024413710759,0.22319422299193437,0.0525565463935167,5.010198401254052,0.36210008685948225,0.09329545789171542,0.01316075912980459,0.6,0.5202834826043385
nyc,A4,352,324,2012-12-28 06:46:27,broken_top1,1976,Train Station,Office,1976,Train Station,2016,Office,1,3,-2,True,0.10225098188088866,0.22185144963125591,0.05603554842741665,23.36918455551815,0.0022761911860316826,0.8200312168059133,0.430320534075066,0.5822222222222222,0.35197804957327256
nyc,A4,870,710,2013-01-15 15:05:10,broken_top1,3425,City,General Travel,3425,City,3866,Home (private),1,3,-2,True,0.09840244032789847,0.4023673813203461,0.24474509143605006,1.7608644893002,0.3622653076892484,0.08484777555813283,0.4406283683687242,0.5094614264919942,0.8565485031161977
nyc,A4,1051,816,2013-02-01 17:14:53,broken_top1,2171,Coffee Shop,Home (private),2171,Coffee Shop,4646,Home (private),1,3,-2,True,0.06912818218016781,0.20068542658043564,0.0179974569689354,1.2928467491887254,0.2757862105722698,0.31249232625121126,0.03644732014452984,0.24193548387096778,0.09577920256278918
ca,R0,1942,2300,2010-10-01 03:43:53,improved_non_top1,79,"[{'url': '/categories/45', 'name': 'Airport'}]","[{'url': '/categories/433', 'name': 'Starbucks'}]",6873,"[{'url': '/categories/36', 'name': 'Technology'}]",6873,"[{'url': '/categories/36', 'name': 'Technology'}]",19,9,10,True,0.3631497584604373,0.07794193220003542,0.2553163147748405,11.03376536896465,1.0,0.9439046640274885,0.2319420188738771,0.0,1.0
ca,R0,568,416,2010-09-26 19:01:07,improved_non_top1,6761,"[{'url': '/categories/224', 'name': 'Terminal'}]","[{'url': '/categories/57', 'name': 'Other - Travel & Lodging'}]",445,"[{'url': '/categories/45', 'name': 'Airport'}]",445,"[{'url': '/categories/45', 'name': 'Airport'}]",18,9,9,False,0.5075206624637569,0.15992192591305743,0.428217333310174,0.14874898788617333,0.9661788347007931,0.23605425414367057,0.2677513874698639,0.8571428571428572,0.5475206280319854
ca,R0,161,169,2010-10-05 18:02:26,improved_non_top1,445,"[{'url': '/categories/45', 'name': 'Airport'}]","[{'url': '/categories/96', 'name': 'Bookstore'}]",104,"[{'url': '/categories/95', 'name': 'Train Station'}]",104,"[{'url': '/categories/95', 'name': 'Train Station'}]",17,8,9,True,0.0547980566863312,0.07098926431428765,0.0485995557582628,27.379397738350693,3.6082868502636465e-24,0.768765499871742,0.3528979763593364,1.0,1.0
ca,R0,2249,2857,2010-10-05 03:13:01,improved_non_top1,1623,"[{'url': '/categories/15', 'name': 'Mexican'}]","[{'url': '/categories/201', 'name': 'Drugstore & Pharmacy'}]",522,"[{'url': '/categories/121', 'name': 'Corporate Office'}]",522,"[{'url': '/categories/121', 'name': 'Corporate Office'}]",15,7,8,True,0.5130715235488016,0.10022342883843727,0.38921758149588415,0.25455123607627794,0.9594375865904421,0.811315163857904,1.0,0.9,0.16380246497907291
ca,R0,1551,1683,2010-10-17 18:45:00,improved_non_top1,9259,"[{'url': '/categories/913', 'name': 'Frozen Yogurt'}]","[{'url': '/categories/64', 'name': 'Other - Food '}]",7954,"[{'url': '/categories/161', 'name': 'Vegetarian / Vegan'}]",7954,"[{'url': '/categories/161', 'name': 'Vegetarian / Vegan'}]",16,8,8,True,0.2761421591918971,0.04368254488537743,0.19186050396556253,0.015861086595747458,1.0,0.01336527104423521,0.28902711180545704,0.425,0.0
ca,R0,2238,2835,2010-10-11 02:46:18,improved_non_top1,2018,"[{'url': '/categories/15', 'name': 'Mexican'}]","[{'url': '/categories/95', 'name': 'Train Station'}]",883,"[{'url': '/categories/95', 'name': 'Train Station'}]",883,"[{'url': '/categories/95', 'name': 'Train Station'}]",17,10,7,True,0.19126954524520257,0.4094699582664394,0.13069806912794069,1.7819160353682155,0.5999787289020052,1.0,0.039482784964927985,1.0,0.04084624211931386
ca,R0,2039,2422,2010-09-28 23:34:43,improved_non_top1,8173,"[{'url': '/categories/211', 'name': 'Skatepark'}]","[{'url': '/categories/211', 'name': 'Skatepark'}]",3390,"[{'url': '/categories/121', 'name': 'Corporate Office'}]",3390,"[{'url': '/categories/121', 'name': 'Corporate Office'}]",15,8,7,True,0.4970954276591578,0.27790170107356343,0.4331044701248427,0.0,1.0,0.00428450583443412,0.0,1.0,0.0
ca,R0,2207,2747,2010-10-04 16:24:36,improved_non_top1,1373,"[{'url': '/categories/106', 'name': 'Grocery'}]","[{'url': '/categories/106', 'name': 'Grocery'}]",8416,"[{'url': '/categories/106', 'name': 'Grocery'}]",8416,"[{'url': '/categories/106', 'name': 'Grocery'}]",14,7,7,False,0.0034566434100087307,0.13903978386743843,0.1120155087802559,3.1526871066334197,0.568538696050498,0.2823196104586944,1.0,0.9375,0.0
ca,R0,805,697,2010-10-11 18:52:05,improved_non_top1,7640,"[{'url': '/categories/121', 'name': 'Corporate Office'}]","[{'url': '/categories/121', 'name': 'Corporate Office'}]",1836,"[{'url': '/categories/433', 'name': 'Starbucks'}]",1836,"[{'url': '/categories/433', 'name': 'Starbucks'}]",10,4,6,True,0.19752759422263677,0.005224807412015919,0.030639363335869585,0.02561790696658467,0.9919371615660979,1.0,1.0,0.8657243816254417,0.1114654307291138
ca,R0,2428,3295,2010-10-05 03:58:04,improved_non_top1,7739,"[{'url': '/categories/20', 'name': 'Apartment'}]","[{'url': '/categories/448', 'name': '24 Hour Fitness'}]",562,"[{'url': '/categories/45', 'name': 'Airport'}]",562,"[{'url': '/categories/45', 'name': 'Airport'}]",13,7,6,True,0.13919803989036672,0.5922578377084009,0.1610256501695405,1.5699499266914632,1.0,0.8621707433285675,0.2661235375912485,1.0,0.22376003768339542
ca,R0,266,226,2010-10-14 07:11:50,corrected_top1,1,"[{'url': '/categories/121', 'name': 'Corporate Office'}]","[{'url': '/categories/230', 'name': 'Apple Store'}]",201,"[{'url': '/categories/88', 'name': 'Victorian'}]",1,"[{'url': '/categories/121', 'name': 'Corporate Office'}]",4,1,3,True,0.016936223073721113,0.03788925179507674,0.01476754844817696,0.10235228781743672,0.8446387376707117,1.0,0.8984082696760136,1.0,0.9674249510487606
ca,R0,1968,2315,2010-10-07 12:16:45,corrected_top1,6157,"[{'url': '/categories/106', 'name': 'Grocery'}]","[{'url': '/categories/106', 'name': 'Grocery'}]",6877,"[{'url': '/categories/448', 'name': '24 Hour Fitness'}]",6157,"[{'url': '/categories/106', 'name': 'Grocery'}]",3,1,2,True,0.03452785292773519,0.520024223852332,0.14148425079436855,0.0,1.0,1.0,1.0,1.0,0.5774559501652583
ca,R0,1583,1766,2010-10-04 15:55:11,corrected_top1,239,"[{'url': '/categories/121', 'name': 'Corporate Office'}]","[{'url': '/categories/95', 'name': 'Train Station'}]",1847,"[{'url': '/categories/95', 'name': 'Train Station'}]",239,"[{'url': '/categories/121', 'name': 'Corporate Office'}]",3,1,2,True,0.04741731454306819,0.052922705263051206,0.07199867311101582,3.220481058423076,0.35333973134247254,1.0,0.28043188809770725,1.0,0.7064867912927828
ca,R0,935,914,2010-10-05 14:40:35,corrected_top1,1853,"[{'url': '/categories/1', 'name': 'Coffee Shop'}]","[{'url': '/categories/22', 'name': 'Historic Church'}]",508,"[{'url': '/categories/153', 'name': 'Other - College & Education'}]",1853,"[{'url': '/categories/1', 'name': 'Coffee Shop'}]",3,1,2,True,0.04059316507223221,0.18713929387175487,0.027166298406865352,0.21253638858489637,0.74970634758188,0.6003710370818444,0.690825749970866,1.0,0.4391263739045085
ca,R0,1673,1918,2010-10-09 02:02:46,corrected_top1,6466,"[{'url': '/categories/106', 'name': 'Grocery'}]","[{'url': '/categories/152', 'name': 'High School'}]",7927,"[{'url': '/categories/152', 'name': 'High School'}]",6466,"[{'url': '/categories/106', 'name': 'Grocery'}]",3,1,2,True,0.05648288399370305,0.13131851259825944,0.016494833984556423,13.801349990248532,0.0844162538448155,0.8305902751053568,0.5435857134573439,1.0,0.4645236007105882
ca,R0,1972,2315,2010-10-19 22:51:51,corrected_top1,6157,"[{'url': '/categories/106', 'name': 'Grocery'}]","[{'url': '/categories/448', 'name': '24 Hour Fitness'}]",9170,"[{'url': '/categories/202', 'name': 'Discount Store'}]",6157,"[{'url': '/categories/106', 'name': 'Grocery'}]",3,1,2,True,0.01607717558232402,0.06620201047145358,0.04146554379397194,4.15865599265757,0.0241883037516496,0.40560612702496796,0.7515811959581429,1.0,0.7392792893101408
ca,R0,732,596,2010-10-14 15:30:36,corrected_top1,1073,"[{'url': '/categories/1', 'name': 'Coffee Shop'}]","[{'url': '/categories/1', 'name': 'Coffee Shop'}]",9303,"[{'url': '/categories/185', 'name': 'Castle'}]",1073,"[{'url': '/categories/1', 'name': 'Coffee Shop'}]",2,1,1,True,0.03531789373485261,0.13576077972375955,0.20844310717625636,0.0,1.0,1.0,1.0,1.0,0.5559669760228779
ca,R0,1610,1807,2010-10-07 16:22:00,corrected_top1,9042,"[{'url': '/categories/121', 'name': 'Corporate Office'}]","[{'url': '/categories/121', 'name': 'Corporate Office'}]",7853,"[{'url': '/categories/83', 'name': 'Middle Eastern'}]",9042,"[{'url': '/categories/121', 'name': 'Corporate Office'}]",2,1,1,True,0.13775847697178611,0.7317058522287905,0.08375829372776022,0.0,1.0,1.0,1.0,1.0,0.4702793512739067
ca,R0,18,18,2010-10-08 18:06:18,corrected_top1,9060,"[{'url': '/categories/121', 'name': 'Corporate Office'}]","[{'url': '/categories/243', 'name': 'Convention Center'}]",256,"[{'url': '/categories/243', 'name': 'Convention Center'}]",9060,"[{'url': '/categories/121', 'name': 'Corporate Office'}]",2,1,1,True,0.1628871343956706,0.021974406792085954,0.012194425291183641,1.1421395690134832,0.8147243169599196,1.0,0.09387538304769419,1.0,0.24001232030834913
ca,R0,587,433,2010-10-19 14:08:16,corrected_top1,981,"[{'url': '/categories/433', 'name': 'Starbucks'}]","[{'url': '/categories/360', 'name': 'Gym'}]",950,"[{'url': '/categories/360', 'name': 'Gym'}]",981,"[{'url': '/categories/433', 'name': 'Starbucks'}]",2,1,1,True,0.03633545957820428,0.22612005681787772,0.029278419520816223,0.17555942153510928,0.9504243923254936,0.7521061834511779,0.41131404121883286,1.0,0.5610591482547458
ca,R0,1492,1567,2010-10-05 02:06:12,worsened_non_top1,138,"[{'url': '/categories/150', 'name': 'Fountain'}]","[{'url': '/categories/77', 'name': 'Casino'}]",2105,"[{'url': '/categories/77', 'name': 'Casino'}]",2105,"[{'url': '/categories/77', 'name': 'Casino'}]",14,19,-5,True,0.23319945217506177,0.057335359499807614,0.1895594106001155,1.9229760417622566,0.19581572424101434,0.06987787563302399,0.06951322142700081,0.0,0.7276411121920392
ca,R0,2550,3575,2010-09-30 02:52:27,worsened_non_top1,6482,"[{'url': '/categories/17', 'name': 'BBQ'}]","[{'url': '/categories/68', 'name': 'Contemporary Church'}]",5827,"[{'url': '/categories/433', 'name': 'Starbucks'}]",5827,"[{'url': '/categories/433', 'name': 'Starbucks'}]",13,18,-5,True,0.15563840736007706,0.001156966880234922,0.17529465890128193,7.9496666097146225,0.20549247060522852,0.07477989955999684,0.00018372658026473928,0.0,0.11614910885858427
ca,R0,822,726,2010-10-02 03:05:02,worsened_non_top1,90,"[{'url': '/categories/188', 'name': 'Gallery'}]","[{'url': '/categories/38', 'name': 'City Park'}]",19,"[{'url': '/categories/38', 'name': 'City Park'}]",19,"[{'url': '/categories/38', 'name': 'City Park'}]",12,16,-4,False,0.41800698274440307,0.03373689631021248,0.3279284111256948,0.5158656951690385,0.9024278406160088,0.17250836891130414,0.034492522022443094,0.0,0.1483901774329318
ca,R0,843,762,2010-09-27 01:07:09,worsened_non_top1,812,"[{'url': '/categories/422', 'name': 'Whole Foods'}]","[{'url': '/categories/1', 'name': 'Coffee Shop'}]",445,"[{'url': '/categories/45', 'name': 'Airport'}]",445,"[{'url': '/categories/45', 'name': 'Airport'}]",11,15,-4,True,0.3931587583460847,0.0016691187795822016,0.25886899560944754,1.7154750422618383,0.7940128073627447,0.16018874771632557,0.046806713783851955,0.0,0.3358914560584993
ca,R0,1033,1058,2010-10-14 03:46:57,worsened_non_top1,6648,"[{'url': '/categories/97', 'name': 'Saloon'}]","[{'url': '/categories/121', 'name': 'Corporate Office'}]",1558,"[{'url': '/categories/121', 'name': 'Corporate Office'}]",1558,"[{'url': '/categories/121', 'name': 'Corporate Office'}]",15,19,-4,False,0.09424423939443383,0.06111265975796831,0.0905409304695125,56.57737008822733,2.498761852604821e-08,0.1188843416709762,0.006880768623931798,0.05723905723905723,0.0903066288587149
ca,R0,664,491,2010-10-20 04:50:35,worsened_non_top1,4861,"[{'url': '/categories/60', 'name': 'Other - Architecture'}]","[{'url': '/categories/150', 'name': 'Fountain'}]",137,"[{'url': '/categories/77', 'name': 'Casino'}]",137,"[{'url': '/categories/77', 'name': 'Casino'}]",14,18,-4,True,0.0254729291390432,0.06614295753551558,0.01294082755763648,0.5351898105668241,0.5373530269776754,0.18082621418191624,0.0002572105259523646,0.0,0.31524713747749766
ca,R0,956,935,2010-10-07 01:57:31,worsened_non_top1,607,"[{'url': '/categories/45', 'name': 'Airport'}]","[{'url': '/categories/49', 'name': 'Luxury Hotel'}]",139,"[{'url': '/categories/77', 'name': 'Casino'}]",139,"[{'url': '/categories/77', 'name': 'Casino'}]",13,16,-3,True,0.5265072081802056,0.13131071518006987,0.43064662672054466,4.5710138858351845,0.0,0.853041926782462,0.3311505967713414,0.0,1.0
ca,R0,143,144,2010-10-15 19:33:53,worsened_non_top1,645,"[{'url': '/categories/24', 'name': 'Pub'}]","[{'url': '/categories/82', 'name': 'French'}]",1230,"[{'url': '/categories/1', 'name': 'Coffee Shop'}]",1230,"[{'url': '/categories/1', 'name': 'Coffee Shop'}]",10,13,-3,True,0.5257242427886621,0.04894891415128666,0.3093448424635252,0.15582408818321034,0.5458589201637382,0.040920783761884724,0.11182141076717506,0.05555555555555555,0.4891531875020541
ca,R0,1694,1941,2010-10-10 16:31:31,worsened_non_top1,6995,"[{'url': '/categories/130', 'name': 'Sports Bar'}]","[{'url': '/categories/28', 'name': 'Dive Bar'}]",8614,"[{'url': '/categories/360', 'name': 'Gym'}]",8614,"[{'url': '/categories/360', 'name': 'Gym'}]",10,13,-3,False,0.4527523778357103,0.04663226586512009,0.38406597546690013,13.202928053560893,0.22701248839454694,0.0442805055846786,0.11111638186620669,0.07692307692307691,0.2260302767146663
ca,R0,1269,1296,2010-10-06 02:13:31,worsened_non_top1,6853,"[{'url': '/categories/134', 'name': 'University'}]","[{'url': '/categories/121', 'name': 'Corporate Office'}]",6333,"[{'url': '/categories/121', 'name': 'Corporate Office'}]",6333,"[{'url': '/categories/121', 'name': 'Corporate Office'}]",12,15,-3,False,0.35393171838578696,0.22078910989499623,0.3206460662630892,5.3944803141878825,0.37852950835159144,0.03449045498893238,0.0,0.0,0.3185604657130699
ca,R0,2439,3299,2010-10-18 04:03:58,broken_top1,7986,"[{'url': '/categories/905', 'name': 'Dairy Queen'}]","[{'url': '/categories/186', 'name': 'Bank & Financial'}]",7986,"[{'url': '/categories/905', 'name': 'Dairy Queen'}]",6936,"[{'url': '/categories/106', 'name': 'Grocery'}]",1,4,-3,True,0.04536751919462423,0.03954790339518344,0.014885296966077766,2.372430732326424,0.6344516447408864,0.0,0.041250765173783496,0.44943820224719094,0.5374933317397156
ca,R0,1519,1645,2010-10-15 20:23:23,broken_top1,7807,"[{'url': '/categories/118', 'name': 'Health & Fitness'}]","[{'url': '/categories/433', 'name': 'Starbucks'}]",7807,"[{'url': '/categories/118', 'name': 'Health & Fitness'}]",7798,"[{'url': '/categories/433', 'name': 'Starbucks'}]",1,2,-1,True,0.17869264923448747,0.37225713056168686,0.035200577546621314,12.787634252854925,0.00019203205897442473,0.1564557948194433,0.15963514532041329,0.5982905982905984,0.2973774414898596
ca,R0,913,879,2010-09-29 14:24:29,broken_top1,8874,"[{'url': '/categories/88', 'name': 'Victorian'}]","[{'url': '/categories/16', 'name': 'American'}]",8874,"[{'url': '/categories/88', 'name': 'Victorian'}]",3336,"[{'url': '/categories/121', 'name': 'Corporate Office'}]",1,2,-1,True,0.11637264441377171,0.2431750713208251,0.03181670367438749,22.32878586288699,0.016700680165499797,0.009450813811168102,0.07232948321820382,0.6666666666666665,0.15441895119456983
ca,R0,330,267,2010-09-30 16:46:51,broken_top1,3826,"[{'url': '/categories/106', 'name': 'Grocery'}]","[{'url': '/categories/433', 'name': 'Starbucks'}]",3826,"[{'url': '/categories/106', 'name': 'Grocery'}]",2361,"[{'url': '/categories/433', 'name': 'Starbucks'}]",1,2,-1,True,0.10693933453189308,0.33085769842491725,0.015255248621307005,0.06583209460170236,0.7913990620525392,0.0414126212574442,0.3751306341151265,0.47244094488188976,0.12344502828796003
ca,R0,2599,3632,2010-10-08 14:29:40,broken_top1,6759,"[{'url': '/categories/123', 'name': 'Breakfast'}]","[{'url': '/categories/90', 'name': 'Modern'}]",6759,"[{'url': '/categories/123', 'name': 'Breakfast'}]",9650,"[{'url': '/categories/90', 'name': 'Modern'}]",1,2,-1,True,0.1032973621813239,0.00968315737741876,0.007991051638413071,12.912928517707163,0.09897699213802995,0.06299634469715468,0.08884289304689252,0.5806451612903226,0.14440824202522387
ca,R0,1228,1221,2010-10-15 20:21:42,broken_top1,1230,"[{'url': '/categories/1', 'name': 'Coffee Shop'}]","[{'url': '/categories/121', 'name': 'Corporate Office'}]",1230,"[{'url': '/categories/1', 'name': 'Coffee Shop'}]",9550,"[{'url': '/categories/121', 'name': 'Corporate Office'}]",1,2,-1,True,0.09886355941660951,0.1055228024519137,0.004476686181502321,0.16082151849042295,0.7020396105605313,0.44605410422705916,0.14306721570485664,0.743362831858407,0.8402052891388505
ca,R0,2438,3299,2010-10-13 17:53:37,broken_top1,8837,"[{'url': '/categories/119', 'name': 'Gas & Automotive'}]","[{'url': '/categories/101', 'name': 'Sandwich Shop'}]",8837,"[{'url': '/categories/119', 'name': 'Gas & Automotive'}]",1098,"[{'url': '/categories/121', 'name': 'Corporate Office'}]",1,2,-1,True,0.0970109242175976,0.5926704260080777,0.07540941333882123,20.486497747538206,0.01464902484334299,0.0787357326609359,0.052869028190335836,0.9363295880149811,0.9036203342656112
ca,R0,1986,2332,2010-10-06 03:37:33,broken_top1,3859,"[{'url': '/categories/434', 'name': 'IKEA'}]","[{'url': '/categories/18', 'name': 'Asian Food'}]",3859,"[{'url': '/categories/434', 'name': 'IKEA'}]",4699,"[{'url': '/categories/106', 'name': 'Grocery'}]",1,2,-1,True,0.09577162435513764,0.21217348944044834,0.08154149667158939,16.521769468680954,0.01074646410703583,0.04834921220570837,0.0005310680654182484,0.22556390977443613,1.0
ca,R0,2595,3631,2010-10-01 19:16:30,broken_top1,6615,"[{'url': '/categories/123', 'name': 'Breakfast'}]","[{'url': '/categories/90', 'name': 'Modern'}]",6615,"[{'url': '/categories/123', 'name': 'Breakfast'}]",9650,"[{'url': '/categories/90', 'name': 'Modern'}]",1,2,-1,True,0.07624820147536726,0.17271072177084545,0.018010656983695195,19.0412017147187,0.03302406826269895,0.23284780402961608,0.08899436146817909,0.7428571428571431,0.10642390588661645
ca,R0,2596,3631,2010-10-15 14:36:59,broken_top1,6615,"[{'url': '/categories/123', 'name': 'Breakfast'}]","[{'url': '/categories/90', 'name': 'Modern'}]",6615,"[{'url': '/categories/123', 'name': 'Breakfast'}]",9650,"[{'url': '/categories/90', 'name': 'Modern'}]",1,2,-1,True,0.07470357117989701,0.17271072177084557,0.033190673300841356,19.0412017147187,0.03302406826269895,0.09174671345151732,0.08899436146817909,0.7428571428571431,0.10642390588661645
tky,R0,5454,1763,2013-02-07 11:41:51,improved_non_top1,7724,Café,Train Station,5758,Arcade,635,Electronics Store,19,7,12,True,0.042380606620411654,0.11392405063291133,0.012930957741645432,0.34541228811454894,0.4903342730214636,0.027693333779536373,0.007016033326353701,1.0,0.0
tky,R0,4855,1589,2013-01-22 18:39:26,improved_non_top1,5274,Bar,Bar,7668,Bar,7668,Bar,16,6,10,False,0.5426261200525035,0.09836065573770492,0.6341008960420027,0.0884055000391996,0.9186681689428495,0.006641016713352197,0.18525801120294974,0.9016393442622951,0.0
tky,R0,4858,1589,2013-02-08 21:57:19,improved_non_top1,5274,Bar,Bar,7668,Bar,7668,Bar,14,4,10,False,0.6064260268779096,0.09836065573770492,0.6851408215023276,0.0884055000391996,0.9186801687007236,0.01628007707430081,0.18525614496224327,0.9016393442622951,0.0
tky,R0,1469,483,2013-02-01 19:28:36,improved_non_top1,1617,Train Station,Train Station,212,Train Station,212,Train Station,20,10,10,False,0.13541191696974542,0.05719237435008673,0.14472468088948776,9.724762795850248,7.884944373924232e-05,1.0,1.0,0.8180242634315424,0.6783594705447002
tky,R0,3534,1134,2013-02-14 17:06:12,improved_non_top1,4902,Train Station,Convenience Store,44,Train Station,44,Train Station,20,11,9,False,0.023649068955532537,0.0,0.19160717435705843,14.06074320326208,0.0,1.0,1.0,1.0,0.5601545645149943
tky,R0,4643,1523,2013-02-08 20:46:13,improved_non_top1,911,Train Station,Train Station,111,Train Station,89,Train Station,16,7,9,True,0.11944968591987859,0.22222222222222243,0.059995806819652664,15.77089341035765,1.956725423468801e-06,0.0,0.0,1.0,0.0
tky,R0,58,19,2013-02-05 19:09:00,improved_non_top1,1855,Bookstore,Coffee Shop,5582,Furniture / Home Store,5582,Furniture / Home Store,18,9,9,True,0.4213518950559618,0.04615384615384621,0.3063122852755388,13.816732360270498,3.924818486127533e-06,0.044139371605164374,0.05008517719594281,0.9538461538461538,0.3284991809008725
tky,R0,292,93,2013-01-13 14:21:53,improved_non_top1,144,Train Station,Office,635,Electronics Store,635,Electronics Store,16,8,8,True,0.11739766767775861,0.7727272727272727,0.06361510383917657,0.14934510745571514,0.6118205528234708,1.0,1.0,1.0,1.0
tky,R0,2629,846,2013-01-27 16:40:39,improved_non_top1,467,Department Store,Department Store,3413,Clothing Store,3413,Clothing Store,19,11,8,True,0.25215053508955276,0.0,0.07766979516024985,0.0,1.0,0.3349756837453337,1.0,0.9620253164556961,0.22775106568651313
tky,R0,4395,1433,2013-02-08 16:12:44,improved_non_top1,45,Train Station,Train Station,635,Electronics Store,635,Electronics Store,15,7,8,True,0.4552726505950109,0.09582309582309578,0.2020823831313152,2.0143867282067887,0.16316498358056733,1.0,1.0,0.85995085995086,0.8320051867218738
tky,R0,6449,2068,2013-01-18 21:15:49,worsened_non_top1,7267,Sushi Restaurant,Subway,286,Train Station,286,Train Station,6,19,-13,False,0.20474000539026815,0.15232722143864597,0.3147087885153175,15.704698102548269,0.025066058411524057,0.0,0.0,0.0,0.0
tky,R0,3908,1268,2013-01-16 07:30:13,worsened_non_top1,6597,Convenience Store,Train Station,214,Train Station,214,Train Station,8,19,-11,False,0.25496708664348633,0.021516393442623016,0.20827694800331364,3.385347392211168,0.3595160618601429,0.054698127966383216,0.0,0.0276639344262295,0.0
tky,R0,4833,1580,2013-01-28 08:44:33,worsened_non_top1,2090,General College & University,Train Station,1164,Train Station,1164,Train Station,10,18,-8,False,0.4286777975212199,0.0,0.36085268577817,0.33422741636940734,0.9133603209266482,0.0007493061867320271,0.0,0.1492537313432836,0.0
tky,R0,6304,2020,2013-01-22 14:27:26,worsened_non_top1,193,Electronics Store,Subway,842,Subway,842,Subway,12,20,-8,False,0.35213155619765224,0.2017001545595054,0.477532138312063,5.267569510330199,0.35180096408916905,0.07344696267592095,0.027778353046699983,0.0,0.3139552988258328
tky,R0,6753,2183,2013-01-22 18:26:49,worsened_non_top1,354,Subway,Café,89,Train Station,89,Train Station,3,10,-7,True,0.4604929307431056,0.2525050100200401,0.3178933425904764,5.939497791625204,0.002865656891909642,0.2583719508170573,0.28140527723805075,0.0,0.5581759371043905
tky,R0,1135,377,2013-02-02 12:58:50,worsened_non_top1,2799,Light Rail,Airport,45,Train Station,45,Train Station,13,20,-7,False,0.32250861561875654,0.0,0.2580068924950052,12.034937993357566,0.00020272917920373233,0.029903812722019547,0.16143300450224118,0.0,0.39510324182301954
tky,R0,803,261,2013-01-18 14:55:16,worsened_non_top1,7705,Electronics Store,Coffee Shop,148,Train Station,148,Train Station,9,16,-7,False,0.3089958233448017,0.0480320213475649,0.2568030629453544,0.3240614121766303,0.9673112069182487,0.07098513020670422,0.08987424583387613,0.018679119412941963,0.433828513018829
tky,R0,4968,1627,2013-01-13 17:53:39,worsened_non_top1,7308,Bus Station,Train Station,750,Train Station,750,Train Station,9,16,-7,False,0.3031099571069752,0.018145161290322398,0.2461169979436446,0.15530877464881349,0.9342678273545149,0.0,0.0,0.0,0.0
tky,R0,4932,1607,2013-02-14 21:04:49,worsened_non_top1,7392,Bookstore,Train Station,212,Train Station,212,Train Station,10,17,-7,False,0.2856329166230489,0.03596127247579528,0.39171518530397165,5.129881827299621,0.18580989537492912,0.01401144115969025,0.004925424539485356,0.0,0.32211547484888037
tky,R0,2645,849,2013-01-30 23:16:18,worsened_non_top1,5117,Fast Food Restaurant,Train Station,6792,Restaurant,6792,Restaurant,8,15,-7,True,0.2689862326728961,0.09999999999999998,0.19518898613831703,10.153051874337669,0.11002210900950099,0.016121351517674763,0.012185833119728576,0.3,0.0
tky,R0,306,97,2013-01-13 07:14:45,corrected_top1,2416,Train Station,Convenience Store,5060,Bar,2416,Train Station,4,1,3,True,0.04230324097806626,0.04054054054054068,0.07422466469883238,0.07793617968036462,0.9156153575971773,1.0,1.0,1.0,0.3001187744277192
tky,R0,817,263,2013-02-05 20:57:51,corrected_top1,222,Train Station,College Academic Building,5461,College Academic Building,222,Train Station,4,1,3,True,0.029830503728179303,0.5835777126099707,0.07127781343650486,0.7861162569939728,0.14416845803280404,1.0,0.524637873214365,1.0,1.0
tky,R0,2046,656,2013-01-27 12:56:50,corrected_top1,7635,Residential Building (Apartment / Condo),Residential Building (Apartment / Condo),5782,Miscellaneous Shop,7635,Residential Building (Apartment / Condo),4,1,3,True,0.02295929044883871,0.4431372549019609,0.029902078271992094,0.0,1.0,0.0,0.2815215627611232,1.0,0.2426393077706068
tky,R0,2169,701,2013-02-01 21:26:10,corrected_top1,144,Train Station,Office,1725,Chinese Restaurant,144,Train Station,4,1,3,True,0.03863052520417143,0.7692307692307693,0.041050358721131164,0.14934510745571514,0.269500208613222,1.0,1.0,1.0,1.0
tky,R0,2419,781,2013-01-18 14:32:59,corrected_top1,45,Train Station,Gift Shop,6794,Gift Shop,45,Train Station,4,1,3,True,0.05965250843032033,0.007887817703768674,0.009079552405263591,0.24694823948656608,0.531577461685524,1.0,1.0,1.0,0.8502714309893377
tky,R0,4095,1333,2013-01-26 18:16:33,corrected_top1,574,Subway,Train Station,656,Train Station,574,Subway,4,1,3,True,0.046982463942083275,0.05213270142180093,0.026253272627328572,4.777577802912731,0.058603008300761116,0.13316368969661904,0.0773400814176292,1.0,0.43722153370198863
tky,R0,51,18,2013-01-25 20:34:36,corrected_top1,131,Train Station,Train Station,4120,Food & Drink Shop,131,Train Station,3,1,2,True,0.03258755998882046,0.1114864864864864,0.13393882170327331,9.406335704349027,0.02224774851090699,1.0,1.0,1.0,0.6582022067755728
tky,R0,173,55,2013-02-05 19:05:45,corrected_top1,111,Train Station,Train Station,3166,Office,111,Train Station,3,1,2,True,0.054122111367127634,0.06837606837606836,0.048340446193406494,3.324017708780973,0.22562018971524886,1.0,1.0,1.0,0.7823620402176346
tky,R0,650,209,2013-01-13 11:26:23,corrected_top1,3237,Train Station,Gym / Fitness Center,372,Mall,3237,Train Station,3,1,2,True,0.040835810541469564,0.268041237113402,0.04897933221917328,0.4946947686667608,0.3678794411713024,1.0,1.0,1.0,0.44457013876049123
tky,R0,749,244,2013-02-03 16:40:20,corrected_top1,6560,Bar,Train Station,44,Train Station,6560,Bar,3,1,2,True,0.10969154361566757,0.30000000000000004,0.06743058801515622,4.935625712528613,0.018811815519076354,0.002115462496031355,0.001987185440733801,1.0,0.0
tky,R0,3665,1184,2013-01-28 09:10:23,broken_top1,4331,Subway,Subway,4331,Subway,6946,Train Station,1,4,-3,True,0.08526530961132017,0.009109311740890691,0.055105917754307954,3.5155075541440217,2.8656441803360913e-07,0.2989119638384525,1.0,0.18421052631578944,0.12937248430461298
tky,R0,3850,1247,2013-02-08 20:05:44,broken_top1,3143,Movie Theater,Mall,3143,Movie Theater,7137,Other Nightlife,1,4,-3,True,0.023620856534876,0.11111111111111105,0.06193758044055231,0.09369047247563957,0.9281155966952372,0.002636157022251286,0.02993257371211175,0.0529100529100529,0.22770952661140967
tky,R0,5058,1643,2013-02-08 19:08:00,broken_top1,1061,Food & Drink Shop,Train Station,1061,Food & Drink Shop,1623,Train Station,1,3,-2,True,0.16435876204314281,0.023823529411764688,0.0289686343633363,0.06026512704195411,0.9678839314450565,0.043572702126015696,0.015555637259497632,0.041176470588235294,0.1429146138727552
tky,R0,2840,910,2013-02-14 19:09:41,broken_top1,5641,Convenience Store,Train Station,5641,Convenience Store,3548,Train Station,1,3,-2,True,0.13827638189967106,0.00499168053244603,0.013654853774077491,0.044873942452846725,0.9705199667060678,0.03953656164633113,0.03007690948935584,0.11647254575707151,0.16988429290608803
tky,R0,6030,1954,2013-01-18 21:19:29,broken_top1,6520,Hobby Shop,Gym / Fitness Center,6520,Hobby Shop,2914,Subway,1,3,-2,True,0.1356610904077018,0.013863216266173706,0.021487413258836185,0.8970198176161772,0.5162542195844297,0.07157381252107058,0.017779240505641683,0.06469500924214418,0.9692881815461244
tky,R0,4332,1410,2013-01-28 17:45:23,broken_top1,461,Miscellaneous Shop,Arcade,461,Miscellaneous Shop,726,Subway,1,3,-2,True,0.09041382709517487,0.13599062133645956,0.003509576865010633,0.015979892010288387,1.0,0.01303238540713346,0.017937501242410524,0.14888628370457213,0.05503583717570622
tky,R0,610,191,2013-01-31 10:07:27,broken_top1,3934,Arcade,Train Station,3934,Arcade,668,Train Station,1,3,-2,True,0.079789787395111,0.061046511627906974,0.00020559199819536467,0.136099999498208,0.9316636738662087,0.0,0.006302886721867325,0.2616279069767442,0.0
tky,R0,4379,1426,2013-02-07 14:55:30,broken_top1,5578,Office,Train Station,5578,Office,436,Subway,1,3,-2,True,0.07602419646694547,0.007194244604316502,0.06940921388591004,2.545200394835218,0.06495188823361676,0.04091491415367149,0.010276817448825509,0.27697841726618705,0.0
tky,R0,2599,826,2013-01-29 08:50:22,broken_top1,848,Office,Train Station,848,Office,664,Train Station,1,3,-2,True,0.06676163007569713,0.024691358024691357,0.0434971218729272,0.7379845744643726,0.8126383129502142,0.06436381268178946,0.004168271714562871,0.3840877914951989,0.2963465179803282
tky,R0,2605,828,2013-01-18 18:26:21,broken_top1,620,General Entertainment,Road,620,General Entertainment,5620,Train Station,1,3,-2,True,0.058743262292755505,0.014962593516209544,0.09956017988856225,0.7302170636582168,0.7684006643337346,0.0005546252583384057,0.0,0.11221945137157108,0.33257894983361347
